age,income,satisfaction,experience,hours,stress
35.376292189975246,98478.57582944099,6.8927794424150255,14.991582786665626,37.441981389052096,6.957169764461872
54.846576327102916,117664.91243427379,7.0200259278828225,29.5174453635742,41.18468939563815,9.2337124241533175
40.32732517008262,100453.04883139195,7.247842361094683,16.861737434176995,37.29205414189151,6.820035471016026
60.59218610161492,122197.78427093614,8.060956042001283,36.234060040541706,46.09613823521536,9.86148195053034
67.41421768519129,140125.2815793877,8.107918193150699,41.8558555870708,40.87067937553075,9.02071663077821
26.55656463918061,66858.09683827366,6.404249910630179,1.1953831653131297,36.92365841951761,7.289275399025014
49.366618010334705,92134.07007850823,7.214186065823064,27.40512101786747,30.965535179573358,6.718384973600967
62.58902412271354,122351.39306450268,8.337110645303328,36.98464968179904,36.781594470519806,8.871081212897588
46.71648089211453,100252.11993141189,4.821681476824518,15.603433408792132,50.23009426066408,15.304611410359538
38.66588340346607,93990.46064206237,5.864824121558142,13.078215656976585,37.196187894344675,8.825994659896377
61.70998186133756,133721.6032323272,7.170947729513556,38.32935367794638,35.82000347073571,9.260650109271696
41.663754888223636,101372.64857475733,6.389112568521753,18.513122037277956,43.26473751388924,10.152787511037674
52.24428871639925,108357.64406722832,6.788882956216198,29.093992168831548,42.20646562421467,9.794549077341985
51.80593211125683,103368.81185075136,6.450599367123477,21.729627548649585,43.75814528295638,9.264326680382828
35.99622422811793,90034.22731227028,5.361464250401411,12.102450402151513,38.61012457422331,8.446280007630484
65.63574199302425,132433.01430527295,7.562059864199248,43.53931962286545,45.61327108129836,10.02198275726576
34.44405648119956,91050.4062473453,7.537276225383501,13.27379252560253,34.13695569900995,7.517180715008862
21.412799154560936,85742.87426279289,4.999749155705604,0,39.75561616013171,7.505556908847245
36.950489179092834,90329.23189230415,5.604294028700066,10.98481142054443,36.47929831391021,8.188828156637296
63.44776763510898,131424.51589271362,6.5595147796055455,42.9112811307431,43.40379319008592,10.551097651944088
63.11661165475218,126670.32487474754,6.393262204310725,33.11282751741422,40.65003380701068,10.266388011615032
55.599720151716795,119694.0639750291,6.476910776633543,29.28923022097742,45.548540408850684,11.766985114116899
52.67320083898129,110153.04617247469,5.3635498334901115,29.04558707705365,50.29250434490673,15.305730146274584
60.58496801554944,114869.85915654486,6.495785438691301,30.731646719405763,40.70327765862492,9.437728644192218
53.77716110153293,109937.18019295917,6.843490110414758,29.616044688828204,37.32691673900809,5.779387091823169
52.001547077427816,112109.82521703606,7.124104056158895,32.63513914058439,35.88241636740648,7.2575458808087205
47.28704908893799,103252.4497724192,7.206837545017526,22.27486712862897,38.68483008884677,9.310822251757829
48.98933434940839,115860.38225378035,6.9191829168332255,23.153972274517628,39.65199081819811,7.761677974152655
37.85088978669311,92429.36571679165,3.70721196336004,14.275624928795272,49.95900957360287,15.717174084326416
30.958570840955456,82058.14575365608,5.131249295848889,5.121354328593537,34.35445228631116,5.8657006879484
58.518544008705184,108478.64667314164,5.747032909234351,35.958745130942376,34.53391281737559,7.057971355685789
63.30144969909771,126618.86446545317,6.647486754077759,41.014756092446795,37.9601665484111,7.669123091943273
53.786290841956365,110883.34631593993,6.348936746963362,28.79436582564673,42.937797317491565,8.698638358120778
56.02174183165244,91268.89325216915,5.5711369620418525,27.49166535840326,44.105559298687034,7.66935338917614
26.338980913498023,62690.663941354855,3.8667773255033127,0,35.46032650379077,7.801233484135546
44.51395477977886,97704.21454172012,7.583766528046395,17.734962682812906,40.635193031747946,9.082092165335773
56.001439906597696,115236.15468542925,8.427201262541677,33.3935814082472,39.785535110512114,8.637021239577546
38.578855931274795,77778.81667128853,6.974614284104855,7.704240407304019,45.97603235212883,9.536099355682609
37.070089168593505,68749.25710224047,5.061771375786166,6.411113692395867,45.44596118251027,10.773771979667604
34.76922756576046,82287.51202920814,5.18172943963692,7.807888091480152,38.43859652782739,9.450688002600646
34.21715251449885,92505.59651455394,5.550566067325683,10.400337058440602,40.2299688333096,6.382295969550803
44.74439650271159,118796.19658655823,5.8442967877217225,17.00369835821661,43.26361306700772,10.774307271135918
44.9847623829722,100083.28634573589,6.683712763044357,22.64500949426038,31.73253681701517,5.043483737461546
38.021414033809705,106628.90726486442,7.707469235887828,14.021523944275252,38.44864517259977,7.230473651408391
37.10523810056911,92481.64760541616,6.408433109533918,11.59331924585328,42.874364420012405,8.588202454371034
30.75234515075096,85123.30037847589,6.52048930217058,8.208829560346299,37.383839228099404,6.999066398429397
39.92191951220849,98086.49056632587,5.868539605272987,16.087015000666593,39.70040899325906,9.7142921501459
39.5857899520217,85304.68210459047,4.524835172699147,13.247984870385231,39.89496232283147,8.600036854568998
35.7018563736772,86394.11492065263,6.132600631690961,11.395201176931682,36.38173392841844,7.4087372793575845
63.06285232662222,134890.63589514658,8.612625204961953,40.005392400554996,35.027600819108045,4.641784415165328
24.687520105269677,67475.26971649329,4.620401108418303,0.7563701398558176,39.00066382500936,8.154510388115447
40.429936063553775,90337.49345202795,7.44933350509315,13.455905439705338,38.26486088596457,8.641544936735796
54.14137771491298,102545.86320239681,6.996637983915895,31.706984330105552,44.17047532830727,10.024900613252276
26.718430560990992,82048.19033948919,4.874761779718122,5.17723923766684,47.64941106247461,10.58029012637095
46.126440750799766,105775.05586030279,5.1683699399185645,21.955264420429778,39.94038810316676,8.859741055853819
34.25479310353414,94156.84501553544,5.985496811550864,9.687107090920701,41.99335996245773,7.315660672903809
24.058634515970923,61860.53420080189,4.973498726068951,0,39.64792343047135,10.086535572689066
55.76825587222765,110763.32334605188,7.361293045178696,37.25250341113601,43.00679921940566,8.312354589629631
64.51183950538173,114435.95562615825,7.216702330152289,40.34078610178911,41.092477311393985,9.742223308159488
46.091233090163655,101104.94048440883,6.989915227332403,20.616351004063823,41.18297750930104,9.534988122734104
55.50813576172237,125378.55616879131,7.255728250797011,22.98438235513061,45.564575638080015,8.723916311840366
31.06395072835156,76347.43087749631,4.862896801986854,1.368105433259963,35.062894253022726,8.639060368808602
35.178594314582824,94256.50185755096,5.342503737096806,9.94557471275113,47.239320065627474,10.969471227970987
34.17082565891528,79629.62093043225,5.6626447825121335,9.78970779344457,41.74556206089915,9.976852930964279
56.529462185435676,110893.48385209526,6.756884820413946,32.360079562020516,40.90411005356097,8.673839881707083
45.05122536394872,108266.94696962657,7.329272940561166,22.51574570529457,37.19879074434711,8.271389401028781
57.08556011994073,105106.54941500445,5.979848711722628,31.50310289197936,39.180612042087354,7.773237560455652
53.71963449660197,99375.40179876139,5.359086261146303,32.36340088004965,41.86842402215222,9.800075592556395
61.826999968717914,133804.818146643,8.31083546300692,34.062451840109176,29.68142871300789,6.906791823899773
45.32744137951372,104299.70058092038,7.144661798419325,16.702113218184522,36.99239025580954,7.9395143529215435
55.89129716304316,109841.53753472118,6.31788533382939,27.20433863038172,42.92995806152905,9.854989411847894
53.82317109335589,93018.73457023273,5.822946065531114,31.050062165915442,38.52759106824112,8.551990015686759
49.39097319236031,125858.74281354753,5.805660319710486,24.142213365342634,35.997362272578684,6.218427857486033
27.007451826385342,112656.54582271479,7.011982137945857,4.376905591846839,36.82152734432505,7.923514268731485
42.44392583500143,100423.08810209681,5.773925586546985,16.640806570330177,41.178745162070214,7.946440137440634
35.85599197200634,97348.26231382134,6.528358718553438,9.080315665367905,31.82583807576246,7.738909213671854
40.01019564493759,104220.5891494469,7.319709748441793,13.90513791955807,44.356146202911034,9.38136386247863
51.409722270064236,97072.32534967038,5.947503890000361,20.85187179733905,29.15532662782026,8.237822805252812
43.07846921489947,93304.40890932489,6.537333183936158,14.569623433657126,37.4833023884222,8.431128588337808
29.46728724485447,62218.34689186351,4.742524718967914,0.14118330577912097,36.06408760513257,6.907828676682747
37.79745481964544,85530.06245663413,6.050139108580956,15.960421635571484,33.7569989522579,8.209992704111965
48.156921392483255,109687.55735345863,6.132180343708352,21.364931118394853,34.61046329943523,7.391263138402326
39.54105786584243,89049.03480713222,6.001270955318235,16.90943742421297,41.25038676802801,9.505735531899292
61.08548649534317,123261.71192149527,8.4329270414201,40.634958300419044,39.4011298439206,9.166214855922583
30.246749689365856,80907.46602903177,6.655828183774349,4.6714252620360295,38.4957368377357,8.653583973383407
36.239041198603054,69819.68373615423,4.56281876280508,12.09067791766011,28.396181122090724,6.408511545969344
60.306166843129574,123043.56562337177,8.260740352870618,30.05296428494134,33.37839644252107,6.135293843996273
60.11970152919208,105875.9110034729,6.7794257222054375,32.66369219663267,39.343464437686485,6.551254060995306
63.056100644520704,121275.85065488167,8.14680864429075,38.22474519266922,35.6098242349347,6.997551706671153
31.696456243768182,78276.36829457071,5.27796580957986,7.593716953776639,36.01615534844496,7.979059336490054
32.10039007866403,81207.29281773356,5.062586062661262,4.822195726767381,45.24770356498851,9.275172717350708
54.00109313495003,129145.98177994174,8.46253842951483,37.055670132630425,40.87794174258671,7.5189705293509865
43.75382337704478,92530.329415121,6.477327289973113,17.378652959767614,34.78077689180615,9.014994112991753
51.43837531850071,99414.23970842586,6.646102727845848,26.631105988390825,37.65651992498893,8.497069278183131
37.65898398098254,75749.33144082922,5.363840641231102,14.608359582443095,38.57548259224565,10.084054773619254
27.24793269324015,69997.0031174551,5.192154340727274,2.1698767889181627,36.59852409382448,8.415626937150567
56.589754834909165,103887.51000209377,7.257449262352163,29.659052673827823,35.17973194752718,6.396395777369338
27.028249294815712,83103.33654406744,5.7111760091678,5.164166286705628,39.74097958999803,7.5409128116264394
40.749132914374925,85113.08819190148,6.624096497777694,20.595768883996527,43.70597359759881,7.5542958524050565
44.9204997028952,103274.20291620366,6.902907613409147,19.831417789745693,41.134260017836475,9.084473763645708
52.04438788879138,104303.40874989703,7.065560773482318,28.731189925000574,38.99926493642119,9.487234215262358
32.33469614661004,70020.50639622987,5.9306362621736195,7.042458651102152,41.93910122384411,7.70091804577811
43.26268348507198,89126.95919813703,6.316163502465799,21.312049138178466,43.96959183525749,8.698063959649083
63.52886495074397,130927.00366328981,7.6159969937966014,35.06036276796441,39.29743020875818,9.022400524551532
41.63647317658715,106405.18001049632,6.041465126799569,23.599053848570577,42.27902599472937,7.620093326834455
61.61571771237464,143823.56986306843,7.883842893907223,34.80512396900963,34.272135464570184,9.007317506063613
62.81181723832184,125102.70356654035,6.985867352765109,33.43526899500756,38.75174655915565,8.211436814498404
49.25029081501358,90626.40523165728,6.2132740660311505,23.19753733343437,37.89850862252979,6.381408135610335
34.029896479939495,79974.05646779914,4.905722454923705,9.4700219323745,40.9783225178002,9.143610217001205
38.598162075176376,96146.92381668392,5.894826573245284,18.469025698217063,41.78659756921492,9.311163269169711
61.79609435839648,142166.03945476926,8.105782621643261,39.52972338871044,39.38191010501331,5.716934905647028
39.00273584373805,94230.63481512018,5.795402963822406,14.430111139875411,36.16892888605099,7.422805588806773
28.250122335094016,89653.99058637871,6.230654854122317,0,35.35142891607641,6.762022372344071
65.98309730596236,130207.52074710376,8.070322689214446,38.38498407194602,41.3926030530104,8.128724908496228
56.27682927630993,101403.70987661889,5.712347735680305,30.78697447962205,46.78418426137709,11.622585405004111
30.062392310227334,80275.83279230006,6.3130433235397625,12.721470650609113,36.06432202535152,7.934618679058536
48.10588955928342,115640.55744493248,5.628676477748019,17.525206836628175,38.07600663851403,9.168130221411227
60.327423048885514,129748.48754449279,8.611997556997277,38.72058700442358,41.653402801259716,6.187957670756571
50.990103157471694,108655.27869863706,7.980331886826235,24.40840038576993,37.22689774968585,8.184807833818844
39.79729625323522,100876.61206083016,6.269763971459295,19.79526895319747,40.607861574102266,7.574536117851788
58.16605923443423,111707.11154452089,7.084541400379844,29.748457314514013,39.7620194151082,9.457840168926497
32.83967799664637,72137.48224928555,4.796966455030127,8.270547700634614,36.118742047166585,7.814101420420525
35.91683870579565,100309.71535255169,5.791361214842352,7.618185880687395,44.157206255691555,10.570161082636934
36.266844838853864,74974.33175063645,5.987022342843994,13.97739411793889,44.23153918611485,7.880303246162857
41.309952274059675,87927.64735902142,4.88343443376357,20.76129074027393,45.120697533286005,10.368038153823571
62.60032502326599,135750.92127343995,7.23563086573638,43.45248804246944,46.33998293091188,11.22167596063259
28.177749806271926,66722.29741322767,5.204811479014786,5.570551779040482,37.46819106038712,8.527579716158296
29.075187109503194,75087.4886765818,5.734770134448716,9.604985873236657,37.677590517458476,7.331487082828121
30.633354071777603,70457.12148948635,5.260628825913117,9.372625797762542,41.3060900024587,10.427922305315642
47.229440348671126,108798.26025334552,7.594385848657178,21.833815613199082,43.150404882758124,8.841130187575217
49.87391253703865,110228.96026764714,7.70405808755048,26.30502425189275,38.30186921887548,7.013221102714532
61.2264556330211,122056.55202754287,6.859664258795756,33.3104729985933,37.8832759579976,7.406838878813477
52.44414289536764,112436.1559476259,7.370805746541293,26.88853638716466,36.90864236222674,6.906170515167794
51.318058389214926,116039.4357372413,6.393065858479629,29.98094951426139,47.41100945363371,11.045688721817022
47.27382886608624,112245.34172976842,6.915706725490783,23.897681296533293,27.45916823979262,8.45328251732671
55.52924839790131,93520.98144313939,6.648347451079957,31.901320392777304,39.1621098310806,10.169431221041119
59.24092761536732,116308.11391908981,7.1326119925066,31.126534496305702,40.19106438526767,9.862038286615395
53.04449665688038,110715.54199927492,7.33538396079957,26.230956965878033,34.70195198503215,6.6786573201780515
62.885940285648246,130817.18538738742,7.583114572738081,35.59212224438754,41.92712947410319,9.350367131020636
43.61557230842996,87807.12599081996,6.42024036868849,19.801459918470457,30.164561580949467,7.123927473372825
35.52695118901438,81529.76918650267,4.6241076906592244,7.555428297614707,44.77484430555959,8.264413115915923
34.90605909943706,75719.07264079557,5.171001094509341,11.592183269734214,31.683197075647023,7.373674998658531
28.071436933345865,88643.83906044267,7.151730090496269,0,28.98632559951487,6.541263623009103
29.865548125450854,95001.45671830798,6.831337651247834,10.351139499856947,36.182180871039854,6.540540433959347
56.988491943174964,123841.64202651373,6.709313020570632,33.37026599160927,40.8104019695616,9.068756060871694
38.75817310910832,81043.2028719953,4.926469735855175,11.65516227234851,36.74216417617918,6.660774889095356
32.24156343726015,88025.69057108498,5.14585038268131,7.964701234763817,37.20356502361191,7.7401409032274735
30.60484123391244,92869.32611664567,6.452740112453107,4.54748163622857,41.6660248752889,7.513148012977691
31.046898484821124,84777.08113310985,6.118318867347158,7.160342364100095,34.705495392557744,7.212337584568359
53.22178101196327,107704.73252007106,6.29779594110229,28.952379168244175,39.570752271197634,9.0101386066646
58.67745854662606,108305.44921628592,6.3111635090566445,30.63511602864164,42.48966496464697,9.995427751390451
41.39513641014246,86779.69702389349,5.981089557073136,14.021194773684053,48.16994828354304,11.104354906041262
38.6121163990047,97574.00649146078,5.657931084191191,14.51089745322339,42.39725940620098,10.140914046988048
34.77143510715596,85356.1011456035,4.480762998715771,14.688590833410643,48.57381496083379,14.878743659042005
31.455946358343077,87483.46506187112,5.83441141873184,9.709797384355843,42.26580016764858,9.22354898150163
35.648137779531524,101102.87628613027,6.027156085954339,8.774435358677243,39.9837943658732,8.925320861325222
46.82814984183077,108230.1742544888,6.4618821530243835,24.305918546773256,28.71732571875303,7.19604605933226
35.944929827961616,102824.15118843141,6.312202370143365,10.799224769692751,33.87670724034678,7.007166845963475
41.17429260102404,80318.0621950921,4.753918881987042,17.078233556179256,38.405186881308886,8.466633381627318
34.40150251395321,84148.39441680828,5.811111924024294,10.182586986162885,43.56135227926891,9.13101713632443
46.56866824062325,104796.23837279249,7.570202922814687,29.295017531793427,38.38743213410915,9.034175751917212
39.959687919989165,99522.78950161109,6.255714537617235,11.403821488227491,42.71824310627419,9.248819848702933
52.95917939105334,97228.55934857918,7.006830914591808,28.26193896809191,34.6809432408063,8.315648409263298
39.6204322815171,101228.83158175822,5.7853255302430995,9.280500417614249,38.629351413247214,8.450256511995665
37.9767856907555,92672.44888499127,6.161525698603158,14.746293459631774,41.08503016238575,7.035502187542989
38.418070962125576,94422.49234054117,6.06811484568397,16.707896377289792,38.20307140917195,8.096055495866597
54.33455136034666,114156.59963507921,5.937276272114343,33.67153808365012,40.56415847491575,9.332519233283225
35.134971602006424,84848.2530422847,5.596279828434918,4.359535846495061,36.64625986973371,8.464150444506283
43.11604126718245,107114.35708931152,6.930648600777594,19.354349758764542,41.871726116297516,8.811309255934527
33.96163242002911,94939.50029022631,7.0116270494529225,13.741742274180066,39.594725537443715,6.094757580069223
55.53743086798659,113961.69392641325,7.980261587343711,29.295383278859685,39.76475326673436,8.7250988285899
33.21241289033665,95320.30153043366,5.372498910073964,7.575961294090803,30.256064567769272,6.024535498390066
59.92471203281107,116644.51630502414,8.13808341953442,34.81510036619685,36.63165709360629,6.142012950981537
58.679520503807254,128633.73032458496,8.65319153590968,34.77457675810636,32.55177957550876,6.327380649524949
49.575987325156866,103589.23202458496,6.853984907761946,26.571466952394772,31.97140971189848,6.33314701172893
48.36969905867082,121923.7968630715,7.712001503071732,27.323161709805262,37.530584495773816,8.913541251689296
47.081879849215845,105231.13068211175,5.861650385776574,21.795417077880867,39.19600816127198,6.9078320821940356
46.22681499585377,110985.48173211614,7.047326873005277,21.81564913227118,41.418001129003095,8.168921584009176
64.88799897888235,120418.38276303907,4.975849497238988,47.35199261054674,45.45631325150161,10.29608537706331
43.95448405645795,94049.41605786669,6.007691977829483,20.247780840802925,42.222001484612925,10.404650836244853
58.01916018539613,126090.07309275941,8.730648537685175,33.58541951338563,45.06035170379238,8.758539635514834
38.63319830746263,76407.78152339235,6.706588616336916,9.606468931612282,37.368448561827336,6.806011777087746
54.231728524341,113260.95618506099,5.298675612802119,29.24029666720768,38.46079913405607,7.37582912979964
32.58380346493506,89048.3452929954,6.05874900230274,6.919825005434416,45.42584442213126,8.838872704782828
48.831505585457656,77472.13222227333,5.198775212745492,23.798368096029535,40.00603591969052,8.8856646051131
41.01933006023691,96332.52840054657,6.727019810211411,14.293077136423411,31.59877642158313,5.1810471871411075
37.73941923422365,69761.27671430685,3.780080951248337,10.678972276895545,35.767222404539375,6.452098179470442
50.8379426606467,116666.77281108694,7.387356914515273,23.67562176518634,45.03796029916367,8.379605176616426
54.85256583167998,110309.31347389627,7.118019805993915,29.20905228548066,36.946313711612696,5.316541914026475
64.78205596687746,116121.77759183798,7.481634053443951,43.88645391096335,41.66722066388561,9.364022140338111
32.24353136959957,83831.0240226351,5.123239467406089,10.390791249277555,40.07111347840323,10.19346289781124
39.22361806326516,105063.72587359104,5.5752971795006045,13.143692709435987,37.51821196325169,9.25144443530445
66.40534328951031,117498.05547003726,7.802899466139403,36.347593925894095,38.246068037968094,7.142265285539278
49.200062923250684,108404.25493909391,7.161080123179966,21.66631263764282,41.95860273929047,8.488989179442912
60.557221695613606,119074.0868179023,7.48831066806326,34.18394009589208,41.047894144461225,7.905875357304627
44.15727115672263,84850.48853942285,5.720202838753098,19.46818516940754,46.17335069949583,10.922349748185674
42.58975983255668,79702.07292795199,5.619007431106002,15.601938005454237,39.00090107782532,5.967207565563683
54.01912142812107,95846.67818866971,7.576140375359648,35.03916350061674,35.38395978986659,7.356398180059746
24.936853722042756,80449.59583672164,4.98395861243491,0,40.82951550789722,8.707736908607203
43.00554452452395,94457.75178672223,5.550516375153256,14.363711113805419,43.526672766220905,8.961058807813506
38.840248097333884,108704.82899285736,5.79229301441562,13.416462825486343,51.40983477863497,17.05511863433924
66.63424399871911,127880.49482309617,8.730644082208714,38.61811125393887,37.681584934481336,7.633174550803313
50.360495885742395,118640.38403717187,8.176197353164453,25.828963007568376,38.368232140458666,5.878495779382482
47.74672431127218,114574.06707511409,6.939557081004807,23.44762515354179,44.412466051989746,9.684209751812727
43.85445844101226,96747.03463071187,7.10436165168158,19.921221275897416,46.406430632522316,10.092034083316019
52.227093253803275,114288.47481295373,6.496988876749965,22.361518476430632,36.70659071697512,7.063295339710217
42.894505881398146,105244.82834154673,7.20844166345655,18.556639754310094,43.32285227472207,9.441793212640771
35.07460843804235,100951.98894289165,7.749433995558955,11.005958679667284,37.174212429788305,7.247183578567661
32.51765989614756,91227.89933565388,6.26306484388052,3.2543345536341004,35.18910864878881,6.00279871856678
31.001396452574355,87426.02550027354,5.9956271612554985,8.867493371765587,43.116804509501286,9.190934871122469
46.89759908315703,94256.11127290536,6.705061578374691,24.250111720440046,40.532488861005355,8.177468439437652
34.07317979366888,94242.35190196389,7.0825696704287635,15.972037877132214,41.9466543907111,7.759878799368566
35.20570288226674,94253.85834262753,5.69436852330208,10.675811844393927,37.097482516390244,6.7322685595772125
50.803000587299785,115013.13520725664,6.693345382657276,25.943201169853786,48.97488977963382,13.985899701379346
23.62818346970383,77864.63392542639,3.8239306338366,0,43.326440045238535,9.091582713620442
56.664155030267224,110527.6450751752,8.445102329540674,31.873453722968126,38.12798787173983,8.6880803338877
41.298245572039654,93478.09335599671,5.129373988955377,10.752827246026655,43.51374465505229,10.767316753754143
46.530546634624265,109784.38957195247,6.639594980341234,16.517165458697534,33.92742808053161,7.586139597608449
58.03351475598796,113384.15502331377,7.027513561716284,32.80089785561435,39.311249365253865,9.869677371254516
65.12930216354472,116542.6167960877,5.964102425250193,38.38610002184522,47.01678949340261,10.80100701927146
42.22739036630876,95555.04915806687,5.741139706861648,17.391599941481036,39.05580344197828,9.665752238932981
62.59974540315945,105137.93310669682,6.540886856814453,31.26612028337786,44.552451859977744,9.820704460642357
50.166923792457354,94813.80505602526,6.297203570834142,20.67082902887708,38.89038999905044,6.4587978575354095
51.73694857877827,109076.97614311118,8.381518085195433,23.43249826196204,28.50986799846888,7.827698974177066
26.471633990947733,59039.91749936726,3.6807928135852914,4.429808654128475,35.59893727216952,5.86322852743405
41.26384689913246,77670.02174027276,5.047876678187254,12.968376877862111,41.113678445174855,9.823713176912573
49.25073012595368,115215.22477416103,7.414100071185833,21.852188265224086,47.23276355467003,10.910400168024339
46.431698869843544,93860.18384542338,5.66514998236915,21.6713203258657,37.032989374995836,7.796359381133258
54.04947776203359,92127.92790744115,6.097945483672692,28.081238676558264,41.37989505691276,8.360737494204688
60.94428934211844,115305.43193573145,9.11915784538703,36.383540878122325,35.175903552602165,5.9095248554681215
49.79540122041598,124313.26995661487,6.132607030034974,31.710587166553058,34.917718793331005,8.577624830702117
43.079033340665674,104207.84392398957,5.870672229139587,14.705222326890965,36.11341678291589,8.47232873050762
50.66785877678458,108459.21348460321,5.368116276978431,24.751449857055164,46.8453103366679,11.373134704613982
27.703094675946055,89697.03109619881,5.867629959809091,1.1528163267148557,44.7015504495545,9.914568549183905
37.57280124239977,83049.880227639,4.8121753755485726,17.109987522897132,42.9683257865885,9.592216903129925
43.222658221667075,106599.90065619831,6.414035921733889,15.914203452996242,45.577312767182384,11.17081224417081
35.65410927979734,83732.94954492936,4.979233028212596,10.407848568470184,37.87787501633247,9.156482104130259
56.55391885668564,111814.31634818498,6.631258188871887,33.915319699653764,43.79788468446561,10.141978977414883
35.996132555494256,111064.52248995083,7.2518480688885765,7.820360947649057,41.04814638935775,8.468555293686446
55.99387146314239,120001.09041372256,7.826086675626836,35.95939891036842,34.75449537593591,6.749001124537914
46.55569375924049,112803.19977891742,5.874899699959392,23.58298100566323,35.844688888591286,6.535224890664263
55.70485648357245,97854.67445577776,6.124268123609445,27.482236654981385,40.25026465959573,7.834733258373653
35.75019147375729,82557.85646557862,6.034065946352313,12.113924900930504,41.02815030748272,8.704704765650757
47.05223877571146,123062.87240070083,8.549310057286919,21.412317346012255,38.39320790669511,9.11229585253091
34.855576869650506,76883.17671111829,5.17076087315443,10.795263185633509,35.01754378106732,4.820015972463024
49.907936678235956,109774.89922962441,7.04005020343989,24.638011087188964,29.54554029755422,6.427317742990226
41.5031345643836,104058.25427609163,6.471511130601673,19.71468267471863,42.126177397205495,8.4511919274419
64.26877904922287,128259.26074455108,7.518047459353355,35.21547789211287,38.523641454314514,6.699191812385737
64.78827888671071,137649.53032843658,6.677828973513917,38.22042879512296,42.7458044159064,10.950371263290526
55.72457470335263,109903.54873886023,8.60447442094863,29.97700267008643,32.270540933749174,6.593758884398105
33.482991320172786,77232.52998001108,6.763133079226883,5.495595145618786,33.73332032343779,6.089070875925987
30.890421612991307,78487.0655428036,4.354542168089394,2.7705564816927257,39.44334062664016,7.773971108324827
51.802181235419056,103417.12672330633,5.362607734843436,26.74824051368907,32.935932321841484,7.769315338037869
37.95404119322914,95773.81352370798,5.833047900538548,12.557515794658935,30.085230746396444,8.761791554368937
41.715316342624604,103892.8061687679,6.501248698116533,9.067288018373308,43.91797703916783,9.405879014215849
56.126224498942875,136732.65629763977,7.788754104380456,34.24794486610101,44.50434669874767,9.367806884542885
29.034588953250857,84046.18611714928,6.806657448165305,4.783766161206428,34.85018178997748,5.8842490534190866
34.963714029080194,77959.67450672408,5.16441057524063,17.212336148525182,38.639713657167036,9.045005762545994
44.31341149885508,111462.69968741214,6.155917543046839,21.369006213008372,34.33013547414373,7.607270207461859
59.48663714756777,122313.93697927355,8.934190861855043,33.14575922068179,41.58213458376492,6.483168538910727
61.73621043124877,120341.07385145701,7.588450494276793,45.12838387212306,39.85160849499004,7.393940246696726
60.92755999740928,112299.81260364808,7.381846526863533,44.424238069155805,35.65269774520317,6.52374721141586
54.61486919383235,115288.27720036816,7.263437911618846,25.958733744961812,36.128912280519074,6.37812185463184
63.62347168700911,140370.4083606884,8.658734212857409,40.03056755487538,34.68959403285901,6.645486183537211
43.80848824147321,96877.64112290603,4.700622785270265,18.174747485576763,42.18187131096271,7.522983983151445
45.85636309618561,108831.96494163104,7.040964151002125,21.417516535847646,42.8550442390705,9.560057110079216
38.05783985720482,87571.46260532705,6.195715912264276,13.74046804291126,41.882374472079434,9.073861187572108
39.82303621612564,101042.82075811089,6.891138695198431,11.03733482751848,35.785551512920115,7.6274487451186275
22.68193096401006,71509.02381686158,4.886632122037177,0,31.069151858823638,7.096909665049337
44.55959521883112,95730.47280357456,5.915507998343465,24.807337308256507,42.65437831577236,10.798996398538266
62.74353832629,126725.68805401301,6.831257057345333,37.25126831388559,39.114705263028405,7.47803422555054
24.927191084255455,72093.1379344325,5.632657306156474,0,39.803038250142514,6.230463740535008
25.787022956995017,71721.0948050548,4.17849838838266,4.9827389760074166,45.16063992436693,9.78104890957682
30.740613494620025,78745.82195368009,6.373537542529785,8.435802216668868,35.532420827992,8.127904002958847
59.15730860703416,112519.56406172315,6.131978314786325,29.211824151890305,45.72007662842506,9.55527832796898
56.05750411616895,119100.48048474273,5.659899034400536,31.74317503595551,37.934042523935354,9.258175046502178
67.58505282721374,149935.16037356987,8.943049008455178,47.545694531246944,36.434060891219936,8.245305751388994
44.07618864494387,83144.65607991772,4.554703262896226,23.322017694701294,38.97126928091216,8.494175623206392
29.2062058219148,78124.81059713081,4.513410572349738,5.46606063335749,41.95009864421423,8.949812560527977
49.27735423569542,113827.51800621231,7.742346854748153,26.4410166570341,38.96392177372138,7.728056402403413
57.15983878705657,128482.8430292844,9.360798765274735,28.56903315049052,35.49746389726071,6.521278054481256
28.965242613639717,83735.14603332442,5.2598066486515025,4.865637314283837,38.59187860604611,8.697892783106594
36.60168727080294,89712.1003482518,6.584133455826375,8.738340465239474,27.2903444943101,8.012003828002527
34.38339206511018,82226.5744423919,4.702226181999905,8.009337860819347,37.45744159063778,7.243182837536508
33.15589607439816,91270.183965269,7.1285438262305885,10.962707125736966,42.279831087695136,8.5820145856331
43.238450550961126,105148.14347674556,6.132201490182315,14.827771215887697,39.153701127339566,10.4255188818136
31.092892169048305,80779.52318663085,4.642835440448025,6.8936469216674805,43.44163861130613,9.523294463948147
35.11202448606551,88675.47170771881,6.150219426137294,11.397020604480138,42.4299121698723,8.086611584671695
25.359492829106127,77703.35661726266,4.341437949174962,0.5242287386250164,43.22823373177794,9.854001982689459
51.20455901700975,117140.30790306542,7.141200477262948,31.671125482515997,43.28022472512741,9.14684897211224
36.08992698431169,98474.88839959587,6.231429462654622,8.022884998585939,31.30709619312867,8.313981670673199
27.62276395284119,81424.41154504353,6.3169007793140075,4.441154737147989,40.02079840009222,8.100587951963778
29.988665740511806,80322.39894884107,4.201611715919767,4.721874038159804,48.15033667303413,12.479228108176411
56.625532244273835,132065.94216098002,7.619767478608383,30.84303551277206,37.59757386477791,8.022938043205649
57.76899447929094,117572.02431472912,7.1840000292488675,34.16126818084808,42.26401221210282,9.503496481919504
60.256692963021784,138252.73692630173,8.834794439598056,32.195491190969996,40.71696865489968,7.91935660493716
60.68974786965085,116954.94798548352,8.604487326324422,31.749395120095635,42.78506112594011,8.483911525413536
31.062461792284036,88765.78837816235,6.953314339917055,4.579019165833768,38.63984941414743,7.881391742743972
36.252353131086956,76248.33843448437,6.185176831791452,16.5076245803533,36.75850351741999,7.861165354153888
55.28161800110427,110316.66647436576,5.508748071703634,30.44891232494183,40.35980422182823,8.693389880411846
58.917723385453705,122014.1088413756,8.05657886386878,34.912026580137365,41.03907415351706,9.052360165009333
23.030590667059055,65447.13649289361,5.503832775926064,0,39.073338551580676,7.0512059691430995
59.49476956609274,106219.53990821859,6.652013171243755,35.90624776195422,40.15720332513223,6.830883274882836
54.925100236537595,120708.43125895271,6.503089579378997,27.07006160748616,42.056759668453886,10.562413805658872
55.1610202873921,122579.85239383111,6.64627305363649,33.63475168709802,36.11908054768769,7.549398986699506
39.859521013064764,82728.1889231249,5.426906296452895,16.613636793788817,45.69838828599031,9.527601624221424
31.111580396586312,86775.94269659734,4.031369882865732,3.6922219285111977,51.00380135373294,17.30634244100306
23.747845264921093,62622.39206537024,2.5988560362388458,0,47.38602664367421,12.2628354162323
42.50654116179857,86149.38915822747,4.849175015375014,19.65553602029594,37.72791074646216,7.441465818181285
42.80299692175361,101324.69153209958,6.792032204079673,19.47618986791742,30.885563654837764,7.118844240885828
38.08195371992604,82998.71244158936,4.999950041346609,17.527755767556684,40.270989785547975,7.963086526457483
45.322804799611525,111039.92708408376,6.5200146468414015,18.483841534926974,44.40136610302035,8.73271209923019
50.26841788642058,109493.6925212362,7.240696713723109,28.61682773289176,43.89053348967833,10.493699153771807
31.664169847932634,88046.12870976231,5.662685630754725,9.77381387775629,33.85126612644129,7.2027317140428
35.632704144654056,81982.18925726225,5.620674097696163,10.145254748945492,34.43425744628294,8.339187448647838
57.415728370810506,103601.52704553152,7.266303859670899,29.48794829234485,40.668723174388184,7.606545156071965
60.02732134147414,123865.8663421473,6.598032245421797,31.759885768820595,43.13040672688427,8.90077312009759
36.27018221617464,90848.38280511953,6.615511938073697,12.643543090009551,44.3646583192773,9.478577362171881
38.254204113280956,90775.93313219296,6.518143858398252,13.040823912118272,44.08195989469478,8.735395780011507
59.513922792325424,118532.44879382006,8.503852747297325,39.851230792879775,35.160122540167556,7.571695941378373
62.03432740748842,140666.04696200273,8.22652497033718,38.639741288977035,33.43697471900007,7.029516630835818
32.466420464975364,77502.44569482337,4.681950565678581,6.350585839484879,29.937401110203577,5.8546650114900824
28.536713848578675,71109.23443814226,5.292424939196962,0.46008710308733214,42.524663488639085,8.496909598969976
54.12088939562851,105522.86906760128,7.093138174364356,27.373684371812754,44.140557828847136,8.796180453787354
27.817921593686872,63332.08800034056,6.219737667321258,3.8465867723788656,41.67925344412522,10.097742958609524
30.459122901895196,89970.24077997121,6.767491363784716,4.106318960725243,34.704377769943434,9.651422441954583
66.99594270788226,129314.43372954302,7.079176222715212,43.538633068574335,47.83858374974673,11.043693316559153
26.61149242064909,78837.3555679569,4.577237986903539,0.6084782641397433,38.14926687818305,8.047640071837739
34.01237939778385,85899.92015339484,5.1155185263098755,8.695699671400426,48.89519180747847,13.753220521070784
61.68085114159233,112105.77068151902,7.962321545740383,34.48932212316885,42.75701002540288,11.526409353154003
48.74016318062213,101308.92060109084,5.861651120770558,29.455293935348244,45.95155322542762,7.604712687891217
36.14437440752709,96439.5326341863,5.503373360651711,12.142239601938272,41.65301113147203,8.667586777009804
50.96721843921728,94046.75648902735,7.827929549564957,26.65911936071563,39.67673885950061,6.747844281680111
59.85814649854102,121536.45203005176,9.03676740623782,29.782559253888817,34.937259658133925,6.73875096264624
34.45396189595064,78347.86082630875,5.750820969761403,11.433337594598623,37.2074290490432,7.223165272959091
44.02399596856106,103125.08906176862,5.4075145997382466,15.953125201921925,39.76446081861787,7.620978526852676
54.03922813712379,101792.1364043369,5.725122081443496,26.3646634140609,41.410370339925215,10.72717748450722
48.307946792540136,96031.0249332411,7.0421304321745435,26.062970305605084,39.83390393834452,9.08819519915488
52.50589081638838,128726.49630804853,8.851609225053814,26.14778887686369,39.11014005453292,10.24517713045631
60.16460498799255,124927.41887314527,7.330420642036394,29.919488147983003,40.9174275847103,9.395950305038976
33.160089341506065,63097.486280724246,4.7340193176787,13.469801671174132,37.37813978701242,6.3427328278777
31.171095171555923,82435.21933255909,5.815080378977232,0,37.32031271830245,7.2571188216169045
48.562805886228794,103120.35269748431,6.98743461248307,25.28124047580755,32.721476491719876,6.8066300495659045
33.14539776227698,73678.67015126307,4.505950449386679,11.197145509530808,44.23135735134003,8.57445819447533
45.96884932591994,100309.31344040642,6.76322183180231,19.075945725938336,40.23466184000762,8.673168373848611
36.3408423642579,91611.35860611244,6.86470769829698,12.673703518492564,39.58187883286326,8.880252784267316
63.95256141104164,120840.67469801925,7.572043040334733,40.26995257620731,36.295406926125416,8.169315245900968
34.708209478055956,107276.90378947582,7.094852844574106,12.830078936799493,38.761130680487966,8.001590788284314
37.71333628757059,68447.05175961528,5.669291292723427,14.165634451428158,34.566085721493515,5.981241659577361
55.511634436298436,125036.0697342392,8.442600115535445,29.77698309902086,34.75351323823625,5.27237999904522
33.68364466359898,85029.99290401286,5.767970620773423,11.431620837419617,30.405241141467023,6.957342891686827
63.61673887372587,126967.15373958388,8.154486151129483,41.018605943255174,44.90849386324218,11.081120303405127
45.50288128896647,95783.73450891078,6.342803030385972,17.69317418655909,40.62982041072649,8.437246417160585
26.974610299832356,71035.96467538139,4.593070858956229,0,34.41611812222784,8.222048528292198
52.24724783788271,92413.17860760943,5.8776173717611,27.728080457862244,45.81893301872951,12.628027047640717
63.805964066958616,116795.59297745569,7.5397991804818245,37.98407694263307,43.12295841684559,11.0168620666146
49.78063192243791,131709.69667127184,7.438306291853577,21.824014584751023,43.71191137292332,9.378894326557557
37.520558498397534,99120.68735951674,4.210225806635808,12.772350536942632,38.87114716528591,8.798275941624347
37.03451223694972,105092.12396768038,7.744711275872417,8.074522657489005,37.88563996707171,7.615923056220425
55.86302939299396,125366.84970327273,6.982049139817911,31.346708446972556,39.50973548996753,8.589592174047047
29.56159018423274,91613.32509626565,5.378945049831771,2.6868050216069825,42.023453281187905,9.23101007509396
29.059837911938327,89919.07081164917,6.61097396062789,6.93133073451577,43.99957303320558,10.32079167774421
65.93231575446575,138240.64843736537,6.363005184535259,48.205783177950345,47.947345749784645,11.563617230209227
37.27677459059406,84484.40923797182,4.655041540989587,9.528836859533683,37.45464797931364,9.180667233023808
42.756856972268615,94247.58177291918,5.806856398695002,20.92984948509754,34.92217625924259,7.394536036300349
48.55276013880228,89838.0288493986,5.194707779996664,26.028209322107127,40.50429332805214,7.949234999959025
31.375553706815005,82120.79572748454,4.5164359626157244,6.1649710338989285,55.11052092645193,17.88173610996455
23.684185600316795,82677.74235888392,6.467460762467871,0,37.85692077458148,7.568521927043536
37.59553611339152,103483.17236281569,6.237732497478864,17.321459233903973,45.7284060889238,11.699591983037417
48.96653423347979,106467.74384170512,6.567774980970469,17.95016077877105,38.78450895207454,6.8902973831227765
37.62795224783705,83491.64132908647,4.9246822457680715,10.69836787305606,37.607283811180615,10.301772213558822
39.66752284845621,126185.64868671651,7.20668313853889,10.356992517482881,36.44791438896222,6.550987962162055
62.19864144319144,127115.90208122374,7.500319376225383,41.384581760029675,38.94377686141198,7.87600974671019
43.73889260347245,111582.81191368085,6.759098979968331,18.16678230553788,48.208922354377165,10.620621786305353
43.7248285127654,96627.12604868632,6.992732106440335,17.150814914356385,41.5092336028172,7.733229610151053
66.37723069637578,124013.82542162677,7.270221852658895,50.92936411857476,42.436645616076426,9.504825158406916
56.49542592879881,114230.67071194512,6.9502140939275305,31.345314125135925,44.19367896216131,10.589099064876006
30.164560223504427,98124.2559730166,2.7888891880249975,3.8333122879048567,50.35870756443001,16.703439206944452
33.18732616629349,81083.82441152823,5.438040405457762,9.086921916701922,43.87809421039765,8.845235797376535
70.11385031310452,142661.99028829235,8.440355409844658,40.40857645083962,32.86444323524033,4.659129898174562
46.36049430365303,83883.4913900494,7.075570286509806,22.83140223166923,34.83244332266927,5.750694390953613
49.86623005315479,98478.80535292195,7.4875832661214705,24.577740449914888,32.052724432040876,7.154769921501441
41.50815386556513,81495.07871755508,4.21786941204307,17.913729233155564,25.757266150531066,7.2820029332216105
56.69844721724134,127571.99324867481,7.742985445437222,28.751335309427777,46.45366963896303,11.34511992665512
42.44558431478419,96091.06326727766,5.900224304644638,14.376632788340363,37.53138062858796,7.475576431710019
55.730948745816995,106786.78489002587,6.5853184032299,28.650704755988443,41.97485338853008,8.830095148861359
32.062950124285166,96848.31428244835,6.330548117688307,4.7589814050068195,45.90808926571957,10.30859224579363
39.70692557055199,104952.24394863614,7.124052903161131,18.604075470602755,37.440836527097645,8.066179648164848
30.706868633143753,74856.58337824792,4.4034231965865835,10.444305318568023,39.32516175668889,9.678961693167713
31.940670891839424,87458.72199373177,6.001117502148396,6.469995032722223,41.75128089762227,7.92156729892119
61.58139515666083,111282.98773184199,6.699002253599944,35.50458547490679,41.12939610908812,8.547357965328814
37.66528728553772,85272.4255537694,6.806002116397952,11.678170794272717,36.12842375205948,7.201906241770176
54.51138111777338,125944.46393755039,6.405758351460999,29.71909055133243,43.65407805003296,8.456563808764757
58.31664861036858,126218.60515824906,8.297072653262983,33.60736131147175,42.728177641212326,8.045351608564468
28.029315993901356,89954.37566105592,6.790255224049093,3.899419157198068,38.557753520392545,8.209564143414818
37.2818473209853,84382.78791060076,3.9598775139080935,10.041810497846532,33.888095445704984,7.02375348372633
33.32936031344649,65682.68203602916,4.932236381336394,5.7886711469855365,43.16666797784293,10.254041790161263
28.050705662312893,67308.18213080666,4.112485808453831,6.641938653551145,47.137598279575,11.118049373821034
31.938997221974127,93577.94881774152,5.23946020687772,5.293115138664159,46.90258746694678,12.439534119396058
67.61937706011018,122532.28480031074,7.373556205854927,43.52851414578653,44.36317283397669,8.756479327530053
58.626657787791096,95868.2786100181,7.4004196605971835,33.4557461863811,37.58432465673864,5.839789290727143
30.804270076970084,79414.37674155133,6.521892501930909,2.930721900518077,37.34326540254725,5.481213537123082
63.03872030174227,139265.6957153996,8.618246395350365,39.8119060299768,37.061576217070495,8.731967090116967
43.699600562441226,104652.75616498785,6.484954531731412,19.218915182920092,37.94151065506249,8.368288717899844
42.25983116292705,88553.53150725907,5.5312124969439065,21.459181231564575,43.54592810626692,8.988911118597864
40.507576554029086,78471.61330471173,5.401319117646448,15.85995530791005,41.281983767678284,8.181509774543505
56.32083508248328,104767.80464133417,6.451820524909961,30.326197807880718,30.71819706847599,9.004585398145403
29.915555927924206,82263.53525598857,5.715433699076247,5.750440667840299,30.69706185092773,7.83482877506686
40.87966009223826,104379.06913495575,6.117438824683788,12.322885145132243,39.88582953132824,6.894674741852031
52.59366003653235,91431.51221370998,6.800719132188644,25.085977876351556,40.7496937364052,7.01962435727821
40.268915225716185,104032.31442663983,5.795934279353606,16.799734979134477,28.46262828982354,8.241194089892618
62.40428750689407,123650.33672575427,6.594958721367402,36.40492480322223,35.91776387093947,7.830014252086516
39.50562735242316,98814.83203588349,6.555253185782414,14.30774451336577,40.13780575848342,7.765536459222643
44.83277228322204,80362.49396371402,5.323032567463506,19.487107154956192,47.30892957588238,11.506846190245163
29.29483363404114,73317.38221758431,6.346302168488693,2.343295777717553,29.935656358388584,5.4533159384622065
32.77551076284475,78786.4815327606,6.128259046437593,1.719444785597502,33.72277861009011,6.578823473895336
63.64153418756477,132013.74270191582,8.311696347468867,39.68803909809455,34.598465763908884,7.342319815712734
37.40298546927215,99269.34590159394,6.814403433425423,14.687903992212728,40.87698039324426,8.206305303623251
45.8431212144856,106857.21941200401,6.005762401362582,16.976972508435225,41.654196107071265,7.798920810847673
29.151736771019607,98610.9284504797,5.196148288256456,8.598944926395426,38.39655384349804,9.085492300023034
45.34443143000356,92834.246397358,5.249273974246242,21.499895901065265,31.93835656025007,8.313641985454606
49.88732284025156,117569.87713098613,7.5384138824353455,28.91224372523317,36.847237915678406,6.840220254553068
50.0440684117604,108406.3725184034,7.392835194339504,22.172556998033535,37.19757006672057,7.538423420423131
36.22682380361114,81111.97175572283,6.157296552899703,11.727167668673893,38.987093577914905,8.456080777973497
60.91837464874153,127588.27325632179,7.867606123736971,35.61833277192511,48.11442590565838,13.455863345090767
44.165155099569546,113342.66420426003,7.536818332242431,21.470677395214874,36.61614734781002,6.452027451867003
33.75649744770328,95166.33074729877,5.950434784052686,7.028918743965202,40.38132202569346,8.131699558893052
36.54492012355152,84578.46843815561,5.1919692294825905,11.514627107694137,36.47300829186545,8.21632950695202
28.858132608793124,74160.25626724213,5.789829040015561,0,33.79886075478041,5.40715057496502
57.42216231746301,131927.82830358556,7.810177612015277,30.089297988851513,43.17973948934301,8.12963694525575
64.27096397918366,131641.46443191203,7.804427801279651,39.646065630178995,34.74685660173626,7.851448027491176
50.49212634573535,117282.73240873356,4.884317676069657,23.37316186857068,53.67604594811097,17.843690402805805
35.99974594841709,86339.50882549887,5.074162953842935,10.869037490982652,40.462814689136074,7.818863964193434
61.87417180135978,128032.25580953527,6.975115036749023,35.47039387958412,40.30126788039338,8.621456903973456
31.26772045486083,74236.10565576369,6.277503341683505,8.088510863345299,39.6672739449457,8.247744845451034
48.26311243160935,113897.61569564146,6.441013621485564,26.76857735785804,49.218227700200295,12.629321122134304
28.610053972451517,70628.36085976422,4.296424950063344,1.1425497340289494,43.31963555201803,10.121890543241324
45.93215539930915,73490.10885700565,4.457424283294086,20.01104572352497,38.74504678126016,6.8709458941376385
28.01385840738267,66586.36169409959,5.216964423608608,7.333142182491897,34.16905096694582,7.235380728499187
25.211162701127527,76574.11469322914,5.161663669873739,0,34.80636119641278,6.359009710286827
36.04541200453791,98526.70524768824,6.17334810836577,10.085898629315704,36.075053473313446,8.066904948148737
51.916453870472715,88314.114597822,5.65031000859796,33.110566722902746,46.074742154891545,10.105089892741317
57.843110159591745,101894.97218238142,7.340118886034608,39.42388036678451,39.055092121145485,8.286865366347183
29.253946789865395,97958.50331231163,5.887094644715506,4.723732759915843,36.21400688660087,9.123240617056284
55.01538089725239,106803.00230269483,6.374983322472854,27.424554045411476,43.96029738940137,9.816526232475367
60.717146962986575,125690.02905764275,8.748882373614608,36.21351922145789,46.72590009511086,11.837928070680134
54.928715621748545,110360.40619883589,7.791384832076364,27.970392433907485,36.527342579643424,7.95970927106791
30.59101059183622,81547.95052871476,5.533061654114526,9.949462438710672,37.77533727978813,8.71563032411934
40.584001102950616,93285.51768610846,5.1337370404032745,13.164553135841478,41.726420933618925,10.267893377700146
47.09118088663132,101435.73842410522,7.32950608891553,23.209915672257566,39.975777817320164,8.509789081143088
43.768246732497055,99031.73811243882,5.561205677209093,20.62779695620313,42.03183235742389,9.00737416379328
34.37074449465692,82493.45100327267,4.273143591867841,7.098214012569371,48.570992628857155,14.804579274549567
32.54194422144728,55112.081669730855,5.08923483115832,10.09651826596583,39.69806722939518,8.287490190843416
27.684220150976486,96425.04352336752,5.384568319873249,0.440430238227568,38.59648866232879,9.80817162219863
30.370661310901163,99293.82776571058,5.913287660546429,7.261380799863103,42.42707230447228,8.296997930728297
62.37306456530168,109552.96590426732,7.07109213198758,40.66304946461234,39.75327735130019,10.16922036063333
58.34112872909522,111995.03708956746,7.098762909453624,30.3757999619456,43.13882530766393,8.513493049545858
52.18800781043774,121287.89885432094,7.322601835571298,30.511992933376533,38.880144242898716,7.779533310871796
31.87544385841751,93669.53113807988,5.369681575457487,5.406845244780271,42.21761357200554,10.500006274288767
32.23392703174478,96234.82836425467,6.313555357403083,8.116987197055682,32.18129646216054,7.9834893221155765
67.1723180990899,118410.87501994112,7.69325026124667,42.77783051595622,40.06951829151696,8.987781516070607
41.8066550075565,122352.90424542376,8.25166831295978,15.525065848541894,37.41892006358158,7.8514362496968255
43.2797546911401,89137.56984311328,5.77479218876349,19.084063301133455,34.04728712241236,7.6204819145077956
31.35178084449263,89707.6941337757,6.3188547915098034,2.6604880682211176,37.93465396081486,10.313318146071085
52.7218475616708,109108.32122356546,5.991297255729712,27.313436945115907,41.85997472711454,7.29366765365459
39.20633645470917,86892.38592659228,5.429412044343701,16.68370894970468,40.461714820102316,7.91711815499073
36.70708151900741,83498.61858671471,4.564569563622392,5.184707571319469,43.46741881260563,8.128090219988874
51.786290860183826,95228.94417929108,6.001524135905406,22.32251229810906,44.70449621576773,10.852086134431291
37.43382028764359,106844.04998914136,6.636922205360189,8.948007614852674,44.14232014863929,9.259921048660116
58.62579364100417,112804.27580238828,6.2127715484073445,28.858524558567883,38.37755411762326,7.410003219390441
25.63164440070566,78566.77207338836,5.2815438134293196,1.890393518594737,33.35921900971472,8.449551067198719
52.696289300803286,113856.10340509737,6.600758913744257,24.717504251535253,38.59832515043819,6.983797948728681
44.02262131102928,93583.1750340212,5.6887422715843625,12.528980055042364,45.84827718255408,12.117279745647405
50.647558795627,97411.49962418772,5.449913313846913,23.73485250038565,39.39261817545964,7.055446714735585
51.50047132767015,113843.91617852391,7.706582406860849,25.32856557324573,31.813541744774412,8.073983496880945
43.531839341334766,79072.19880134202,5.358292058085383,21.102195762669098,42.45691611434888,9.352811435456207
51.77744954869475,92762.32281505862,5.328186152327472,23.46619314069826,41.40909655346685,8.741741371411772
25.586892675001017,66415.86416676582,4.8227199462599435,4.070760442217104,37.99698322403908,7.975927391747451
31.491179142057472,73639.1054231666,4.677086179708194,7.686267288943287,40.86680751428001,9.895950132434033
56.15398740638648,115462.96814902691,6.085596305816459,32.24104387929311,46.84693834772666,12.908542639713513
38.822560828586774,106394.52668356238,5.311703527300645,11.264983817643266,46.4959804687842,8.946284496406559
60.20088527789084,106874.32187478454,6.083003588268994,41.06188891758495,37.718515532272704,10.921041817613531
31.479602267946536,87892.55120473348,5.133849380938129,5.98678977165507,40.05332430929028,10.721505424725954
56.70843598286115,119399.68294249183,6.605420775616212,26.233743230326148,32.729554275328795,6.027247958415979
62.13907532234465,112443.71073096809,7.532677630763835,36.527505908167164,36.361233370156285,7.408625087611274
31.205929431281817,80836.91671803125,5.0272028053577875,0.40259721908566437,50.0412019873259,15.433352223702311
31.974327223206352,91232.81218535866,5.899182869957695,6.0427968758463315,47.490048427554754,11.078760473160846
51.83889607731151,105042.95215467371,5.964353092856189,25.572215067742654,38.85372637358433,9.055803725702564
41.93215424253582,92193.9472795837,5.82803636733288,18.977643313746054,36.53767427348613,7.04303314042465
61.43351032556739,121754.16313519388,7.336695539454787,39.461998882779866,33.16688351415799,7.68169634856534
65.99232843950098,125451.38887281565,6.264164399246056,38.81401354479752,50.63025926881848,18.469953203573823
30.790345846598605,76828.23531529824,5.588745596085959,8.208672451723682,40.57314862419237,6.583539654457498
50.54018781388617,107508.00092064399,6.33241667056809,29.81315714289246,37.030255453164415,7.362526744645779
55.05665232812266,134859.5065752563,6.4741897548096095,27.70422031359472,45.390336689756275,10.0782572431396
29.09975018965303,88442.31314929466,6.420410651027849,2.142537090155032,34.502070835705425,6.45409665332264
58.08586131312625,103975.6221063756,5.582685367172714,35.038196402587296,43.632820988032265,10.698127407666162
43.19910177085127,86586.15952597231,5.828366770681694,18.748245680683077,47.204351511192996,10.374773514241088
25.53350696050164,72595.81739379624,5.199033227506985,2.1798318418344897,38.94914920189168,7.732288209198945
59.577202017892105,130498.10440218278,7.596022948757945,38.79125490153479,47.25640471941685,12.80199102833009
57.60102481039113,118191.67303097488,7.875872510175695,33.76227416912032,43.207757157046245,9.693015309832347
