group,x1,x2,x3,x4,x5,x6
G1,-5.556481834184334,1.4123416636557709,1.3394998724838174,1.9171218863287065,0.7394432793634659,2.5105083170289366
G1,-2.5991074559592127,0.9824688529449311,-4.505942508213614,-2.796949731582199,-2.7196528724621762,-0.07328371828770561
G1,-4.772023832086039,1.00860168106655,2.819267152138012,-0.8348142874103119,0.4747758170163624,-0.2118192296031342
G1,-4.4171274287104545,-0.5762292590285849,-1.506249381693079,0.6277285550558748,-0.7755645835670717,-0.7032201623615905
G1,-5.7909670245370535,1.5556325850542543,1.7406156796395587,0.3405191779684322,0.5355311978894134,1.9353229407208803
G1,-2.990733891316438,0.5277979351551094,-0.25562602398898265,1.8775088000139006,-0.9244795226579022,1.509081903441517
G1,-5.716609640848574,1.3708561610112218,0.6584671378740571,2.17751091852272,0.2563358047570452,1.1542187214528872
G1,-4.0349166717052185,-0.25289853934810325,-3.7619155983234336,1.1481915622602974,0.06999483705914848,0.6458004488937816
G1,-4.213476829183994,-1.4128229021458811,-0.7227263799717093,1.2893571026441708,0.006618618577453736,-0.7625783175653597
G1,-3.1461746091962186,-1.9263924395314074,-2.440357203177646,-0.19778016371873014,0.4445280405864972,1.8159663401483803
G1,-4.730937457650404,-0.18567723951745638,0.3380896335505666,-0.34155397686164635,-2.2342728905327593,1.8183940546642252
G1,-4.4200353148157365,-0.2124937560674093,-1.4584944351914113,1.4916392050430336,-0.04635846164344179,1.7591651787014693
G1,-5.33918480690932,1.0267406166427187,-2.9581601293773345,-0.30169379135364727,1.8622160328928046,1.6857408411240902
G1,-4.565113484033157,-0.5831454252657694,-0.21708482786625108,-0.644436527135956,1.5943042878445222,3.0543345518366847
G1,-7.055955528570034,2.710533862082328,0.639896323701847,1.9788823592467886,0.014240796512443626,-1.3309557780832129
G1,-5.341848791120727,-0.580937073120535,3.2081290539916654,-0.21289577672690355,-0.08187220290288579,-0.1641110724303106
G1,-3.9236708246059995,0.10223940197420908,1.2826710588551486,-0.4529191114990458,1.7994537077583235,-0.5404175602334331
G1,-4.760672506119367,0.08955435229111379,-0.8810044492553447,-0.013656753587647627,-0.6851765856846925,1.1566908365019513
G1,-4.175414684039044,-1.867031176487163,0.14208080933854783,0.03984628899238966,-1.1899824883961954,-1.7217394254621352
G1,-5.217809155229076,-0.054879906517427544,0.11001477652044227,-0.5114268713232768,1.4523256351423546,2.5075445469424196
G2,1.2190099397927863,-1.4567566268600676,2.6341503871439014,2.1272824601349805,-0.6049733654439217,-1.015268584093063
G2,1.5074256768235648,-0.4770259193462878,-0.29530940823070057,-0.47645465145214544,-0.30789822482416895,0.46204117916673243
G2,0.8489451594691241,-1.188028365577215,-0.6103612691463707,0.11487045846665984,-3.7212760371985207,0.9465728054335097
G2,0.34077004455593574,-0.5589313607163249,1.7079665711678886,0.7389400764968159,0.39230131806330365,-1.5150253597639167
G2,-0.5904347318285034,-1.0594619031061616,0.3635867901793294,-3.155328829818281,1.7074376589932532,1.7215770218910726
G2,3.560034927258638,-1.7299010420907182,-2.024872183279806,-1.9881016486137744,2.582795311866083,-0.09042518245183279
G2,-1.1482195466275906,-0.7666437711107311,-0.9594615498101443,-1.8276659997663276,-0.4633184287644574,1.5965281557559245
G2,2.708813070014787,-1.2320144410132248,2.741420465891212,1.2664425153918804,-0.977454713431993,0.03972846270171838
G2,0.33802266685983473,-1.1210499407887438,-1.8238864554463776,-0.8245828088253034,-0.8341640750181653,-0.9914905261104726
G2,1.3289101326495711,-3.229034208057013,-0.43754524812210777,0.301273653717145,2.349347797806468,-0.11954850304953442
G2,0.501630415799405,-1.4737135194103521,2.4908675571894014,-2.547635312141784,1.4124062716799115,-0.3545152185908897
G2,-1.2037160512486695,-1.4630924857098833,-0.14307132274225606,-0.46083875371896765,-1.1459426534605952,0.0330241729957642
G2,1.2971264073428963,-3.937271597958607,1.080663495107147,1.3059767423960982,-0.8689345214326967,-1.162497933351369
G2,3.1149371595402044,0.8024214480197012,0.5096369406452396,-0.1291804864279879,-0.056602628041695385,0.539654001268768
G2,0.43395458712266916,0.19294765472579645,0.3953943692229453,-0.9274507162759426,1.8215540955802938,-1.2893307866764376
G2,0.37682512868482854,-3.7812858749402296,0.01808634260831396,-2.204543068855207,3.6251198204081345,1.5816852114545061
G2,-0.2604592928014359,-1.0045747786631214,-1.5546866052447044,-0.0131424940964474,-1.1099265305318693,0.25394092110898275
G2,-1.670999781775124,-3.8852619460544857,-0.32791034501898475,-0.5363542689227975,0.6245951816688402,-0.3382494208206188
G2,-0.6629402039512482,-2.164282384247552,0.12539900792255163,-2.3553556712337507,0.5243146164432547,1.729804200642633
G2,3.10341973614663,-0.26245486205535706,-0.5168684234543813,0.8302038501717676,-0.7504142483194566,-0.421441015341176
G3,1.2269458509811944,-1.1940586495080936,2.417679604956313,0.2501862158680454,-1.961663842238603,-1.8369709141736497
G3,0.9585091741960136,2.1304170000637157,3.9178373818054384,1.2850689537533688,-1.8784785167793678,-2.3060851841946337
G3,-1.9762771677201691,-1.2209785480354678,4.479773511858397,-1.6621718636145046,-1.0344209150509567,-1.0824476917069212
G3,-0.8567173905960888,0.0460356459282334,0.8808009649037121,-2.9203930075469247,0.5018103121157087,0.3343173447617293
G3,-0.8022630304182764,1.2228979298555354,3.2306152461729374,0.5226239808279562,1.3765457892945971,1.4619537232075774
G3,1.4525828666839422,-1.5166747442113997,0.9748510986193163,-0.9668202191412729,0.6415693992773804,1.8975571967564402
G3,-0.4531145075142723,0.5077936172763812,2.8121617614003567,1.3984852905510035,-0.671583479649936,1.8091593393325325
G3,2.0366909343926154,2.0464355769194778,2.7478443128497974,1.6936554584792234,-1.8842692879418932,-0.5316148926502934
G3,-2.2896966202496327,-0.09175447008519276,-0.14862619305985003,0.39905823108431987,-0.14359153694881263,-0.02484137882846597
G3,-1.3904084614565198,0.6024323851170172,3.44904540391072,-0.11882317656213957,-1.030931922594504,-1.5764307667435355
G3,-3.723921362756762,-1.4135388541491862,0.9572349536160024,0.7581979030424617,-0.15441601843499683,0.8709925963166888
G3,0.8032484087843597,-1.8004233157359741,4.2501907237771555,0.16323307393431408,1.078134913135551,-1.7793500015965926
G3,-0.021884946074406504,-0.31219365996655396,2.5615498110849986,0.6535768051970465,0.7003591795052282,-2.382049673769835
G3,-1.675699298754818,-0.2352359969305737,0.8840223574473886,-0.26077742006157817,0.13559574134088945,1.4167829365711935
G3,0.630669218985609,-1.8747642448828512,3.0153956075649613,-1.0885054889283563,-2.203449683290376,-1.238362212681655
G3,0.5503702316156959,1.0117865983777226,1.2783275410595851,-1.6268463120159722,-0.09944545723670807,3.0756027685381517
G3,-0.5757154438917055,0.20333860853159383,1.344238468667868,-0.1461045639136331,-0.19123028002582754,2.2272454551747174
G3,0.8104481468632687,0.7595950128591733,0.09603634130677952,-0.47512929377134716,-2.0855344425728877,2.1114489024027736
G3,0.7782782006818256,-1.5016570444463289,2.9068052019530564,-2.6471328647847114,-1.3237476867671416,1.7970287155917424
G3,-1.4382813132001548,1.6791614223629452,-2.1367830788451565,0.8734995016546693,-0.43088602617148886,0.3431287048443306
G4,0.1635605127914049,0.36955626259498675,-1.0188281188860484,3.8898040883257696,-1.4181308627951372,1.1133917756240355
G4,-0.26668350459500095,-2.3486093578576686,-0.3171112331891181,4.796466009010795,0.13990971174319905,-1.0149277648413002
G4,-1.8800825026832835,0.30429047401194453,-0.5814707593167905,5.916518187754267,1.9927343914972473,-1.979987413802454
G4,-0.17226569576400716,-0.826193231883221,1.4960311259277264,6.203993184635335,-1.3158581613736657,-1.8948992708906536
G4,-0.09478220242232437,0.9194956455311313,-0.21905468098433106,2.816415898015263,0.40249804368367414,0.37675501556533025
G4,1.2533383220337884,1.7372204907792965,1.02245873837801,6.227728429533152,0.6408390242280687,-1.049900778676864
G4,-0.5303254057077292,1.5151201796311653,-0.6870247904280509,5.515298426434823,-4.695194426020998,1.5783545336760485
G4,0.2855821534806461,1.2868026559997694,-0.3072322663799085,3.6773620713665762,0.48841230010871733,2.4170866307110255
G4,1.433657539407083,-1.3676427054272502,2.6781387040862157,4.067765747123376,-1.2301241088168864,-1.639178402737015
G4,-0.16795560834925663,1.2910793342550337,1.530166434302616,5.2247583466833,-2.2806907397278935,-1.0892621453637286
G4,-1.285611001438679,-0.6791688011750519,-0.48614208105765155,5.388814303513299,2.4351266350027045,-3.5986076094067774
G4,1.9975667548218539,0.7999614016478385,-0.9015718958667482,5.468967669901947,0.19954742108063975,1.696302137796364
G4,-1.5091326495303161,-1.6465517963688219,3.0814221229156726,4.045717208411528,2.4392769544673465,2.1262083591265593
G4,2.322644950734378,0.7720928034105004,-1.9539174111100106,4.514562133206008,-1.872880734963739,-0.44361362101262114
G4,-2.901600652435083,-0.8717756921488156,-0.37102297428622605,7.697575834817811,-2.5431179425999195,2.309897442110125
G4,-0.14038119762445436,1.4257097297118952,0.010095248677313626,5.954805971413926,-0.5841933713328378,0.6991073902885749
G4,-3.7238417915783937,-1.553798510534803,0.4494878970713352,3.674765946604703,2.0064196634795777,-2.843818694253935
G4,-2.693454336373962,-1.5022166080301986,0.8833372318318541,4.2737401112436135,-3.7811229921494482,0.7530085750551724
G4,0.9864319475936191,0.8869818990628536,0.6477567893459428,4.043332493497429,0.7715282968706074,-2.5556189871331862
G4,0.6494250855235073,0.6655405245455009,0.06260645839748864,5.724341818140469,-1.6290203209501015,1.1180308402690733
